,isin,citiesName,fileId
0,XS1240015799,NEW YORK,0900045c83a87e4a
1,XS1293137904,TARGET HOLIDAYS,0900045c83c101a8
2,XS1313796846,LONDON|TOKYO,0900045c83ac888d
3,XS1313802677,NEW YORK|TOKYO,0900045c83b42aaf
4,XS1313800895,LONDON|TOKYO,0900045c83b36448
5,XS1267246327,NEW YORK|TARGET HOLIDAYS,0900045c83a715b0
6,XS1275964507,LONDON|NEW YORK|SAO-PAULO|TOKYO,0900045c8365c27b
7,XS1329979261,TOKYO,0900045c83aab72e
8,XS1312160507,NEW YORK,0900045c83af0dc8
9,XS1253932765,NEW YORK|SINGAPORE,0900045c833b5bd8
10,XS1267246244,NEW YORK|TARGET HOLIDAYS,0900045c83b0c28d
11,XS1293817877,HONG KONG,0900045c83b9478c
12,XS1051370440,LONDON|TOKYO,0900045c83ba04ae
13,XS1267221841,NEW YORK|TARGET HOLIDAYS,0900045c83a8e987
14,XS1266266813,LONDON|TARGET HOLIDAYS,0900045c83bbdb52
15,XS1313804459,NEW YORK|TOKYO,0900045c83b527cb
16,XS1332626016,LONDON|NEW YORK,0900045c83b140f2
17,XS1338871996,LONDON|TOKYO,0900045c83b9fc0b
18,XS1051380837,LONDON|TOKYO,0900045c83c6ccdc
19,XS1313800119,LONDON|NEW YORK|TOKYO,0900045c83b6355c
20,XS1293807720,HONG KONG|NEW YORK,0900045c83b6155d
21,XS1051345681,LONDON|TOKYO,0900045c83af1007
22,XS1326548325,HONG KONG,0900045c83afb3ab
23,XS1339630227,NEW YORK,0900045c83c2ecd4
24,XS1267238498,LONDON|TOKYO,0900045c83a54cdb
25,XS1254344952,HONG KONG,0900045c83b25fa7
26,XS1293112667,TARGET HOLIDAYS,0900045c83b0569e
27,XS1293113392,MEXICO,0900045c83b294a0
28,XS1331674041,LONDON|NEW YORK,0900045c83a80205
29,XS1251673817,NEW YORK,0900045c833768ef
30,XS1281398856,NEW YORK,0900045c83ba37f2
31,XS1332226775,LONDON|NEW YORK|SAO-PAULO|TOKYO,0900045c83aef46e
32,XS1313803642,LONDON|NEW YORK|TOKYO,0900045c83b8ab3d
33,XS1051376991,LONDON|TOKYO,0900045c83c52472
34,XS1326549133,HONG KONG,0900045c83af9e64
35,XS1326545495,HONG KONG,0900045c83b1f7ae
36,XS1324906947,SINGAPORE,0900045c83a16786
37,XS1289649243,NEW YORK,0900045c83bfb254
38,XS1313803725,LONDON|TOKYO,0900045c83b62fdc
39,XS1326545149,TARGET HOLIDAYS,0900045c83b230f2
40,XS1229450140,LONDON|TARGET HOLIDAYS,0900045c83374c8b
41,XS1301456809,NEW YORK,0900045c83a97e27
42,XS1230151695,LONDON|SYDNEY|TOKYO,0900045c834b9142
43,XS1349022563,NEW YORK,0900045c83c4fcbf
44,XS1312165563,NEW YORK,0900045c83aa1dc5
45,XS1267294996,HONG KONG,0900045c83c404a2
46,XS1330533289,LONDON|TOKYO,0900045c83acaf59
47,XS1233733911,LONDON|NEW YORK|SAO-PAULO|TOKYO,0900045c838acc10
48,XS1313801786,LONDON|TARGET HOLIDAYS|TOKYO,0900045c83b6355b
49,XS1338163303,LONDON|TOKYO,0900045c83b724f4
50,XS1324899985,HONG KONG,0900045c83a16789
51,XS1293844921,BEIJING|HONG KONG,0900045c83a9c0c7
52,XS1289653195,NEW YORK,0900045c83bf1746
53,XS1068798005,LONDON|NEW YORK,0900045c83572ddf
54,XS1293141419,NEW YORK,0900045c83c3275f
55,XS1266614285,TOKYO,0900045c83ac39a2
56,XS1293808884,HONG KONG,0900045c83b6facf
57,XS1338149658,TOKYO,0900045c83b610cf
58,XS1289291186,HONG KONG,0900045c83b015e4
59,XS1338546903,TOKYO,0900045c83b89e84
60,XS1326542633,HONG KONG,0900045c83b2bddc
61,XS1051371174,LONDON|NEW YORK,0900045c83b48bd8
62,XS1267268057,LONDON|TOKYO,0900045c83ba0c18
63,XS1293805278,HONG KONG,0900045c83bc1559
64,XS1051370010,LONDON|TOKYO,0900045c83b67814
65,XS1266598736,LONDON|NEW YORK|TOKYO,0900045c83aa0363
66,XS1340008306,LONDON|TARGET HOLIDAYS|TOKYO,0900045c83b89e7f
67,XS1301493166,NEW YORK,0900045c83ac62e4
68,XS1051340880,LONDON|TOKYO,0900045c83a59d6d
69,XS1274660338,LONDON|NEW YORK|SAO-PAULO|TOKYO,0900045c835c6add
70,XS1191750113,NEW YORK,0900045c82dc7beb
71,XS1336933194,HONG KONG,0900045c83b38f21
72,XS1336577116,LONDON|TOKYO,0900045c83b5181f
73,XS1051368204,LONDON|NEW YORK,0900045c83af91a1
74,XS1267292511,TARGET HOLIDAYS,0900045c83c310ef
75,XS1220205170,LONDON|NEW YORK|SAO-PAULO|TOKYO,0900045c83085934
76,XS1190853736,NEW YORK,0900045c8343d41a
77,XS1254343988,NEW YORK,0900045c83b25f65
78,XS1313800200,LONDON|TOKYO,0900045c83b363af
79,XS1051373386,LONDON|TOKYO,0900045c83c07f10
80,XS1313796929,NEW YORK|TOKYO,0900045c83aaa709
81,XS1338161513,NEW YORK,0900045c83b2db43
82,XS1326563985,SINGAPORE,0900045c83a72a8c
83,XS1281080173,LONDON|NEW YORK,0900045c83cabaf7
84,XS1190839156,TARGET HOLIDAYS,0900045c838a58b8
85,XS1338809095,LONDON|TOKYO,0900045c83b610ce
86,XS1266625992,LONDON|NEW YORK|SAO-PAULO|TARGET HOLIDAYS|TOKYO,0900045c83a63def
87,XS1116262517,NEW YORK,0900045c828ba42d
88,XS1324955563,SINGAPORE,0900045c83a08a57
89,XS1331666534,TARGET HOLIDAYS,0900045c83ab0d51
90,XS1301479256,LONDON|TOKYO,0900045c83a8a973
91,XS1293120843,NEW YORK,0900045c83b44d33
92,XS1051368386,LONDON|TOKYO,0900045c83b67823
93,XS1267253299,NEW YORK,0900045c83afbad4
94,XS1307703717,HONG KONG,0900045c83c7e675
95,XS1339601046,NEW YORK,0900045c83c58abb
96,XS1254345926,HONG KONG,0900045c83b015c7
97,XS1293107071,TARGET HOLIDAYS,0900045c83ab8766
98,XS1301457872,NEW YORK,0900045c83a2ab11
99,XS1340537718,SINGAPORE,0900045c83b668d3
100,XS1340009452,TOKYO,0900045c83bd729c
101,XS1289323484,HONG KONG,0900045c83b25f8a
102,XS1293113129,NEW YORK,0900045c83b12ac3
103,XS1267240395,LONDON|TOKYO,0900045c83a8ec16
104,XS1212468307,SYDNEY,0900045c82fa3c0c
105,XS1267269378,LONDON|TOKYO,0900045c83ba0c21
106,XS1328227191,LONDON|NEW YORK,0900045c83a0dc0c
107,XS1293107584,NEW YORK,0900045c83afe799
108,XS1340884359,LONDON|TOKYO,0900045c83b999fb
109,XS1313807478,LONDON|NEW YORK|TOKYO,0900045c83b8a706
110,XS1301483878,LONDON|TOKYO,0900045c83b11326
111,XS1336838013,NEW YORK,0900045c83b085ee
112,XS1293838956,HONG KONG,0900045c83a9c0cd
113,XS1167346136,LONDON|NEW YORK,0900045c82e482b3
114,XS1293814189,HONG KONG,0900045c83b6156b
115,XS1340107116,LONDON|NEW YORK|SAO-PAULO|TOKYO,0900045c83bce18d
116,XS1338869826,LONDON|TOKYO,0900045c83bb0e05
117,XS1183228789,SYDNEY,0900045c82d3b33c
118,XS1340879433,LONDON|TOKYO,0900045c83b999f9
119,XS1332159216,LONDON|NEW YORK,0900045c83a59fd2
120,XS1313800465,TOKYO,0900045c83b42a80
121,XS1190837291,TARGET HOLIDAYS,0900045c83998622
122,XS1324219945,LONDON|TOKYO,0900045c83a43a46
123,XS1326566814,TARGET HOLIDAYS,0900045c83a8ec2d
124,XS1266626453,ISTANBUL|LONDON|NEW YORK|TARGET HOLIDAYS|TOKYO,0900045c83ace903
125,XS1313394535,LONDON|SYDNEY|TOKYO,0900045c83c2f8d3
126,XS1313393214,LONDON|TOKYO,0900045c83c0f80f
127,XS1051341003,LONDON|NEW YORK|TOKYO,0900045c83d071b1
128,XS1190878139,NEW YORK,0900045c82ea6f84
129,XS1289614965,NEW YORK,0900045c83c6e205
130,XS1339631548,NEW YORK,0900045c83c9c86d
131,XS1312165050,NEW YORK,0900045c83a9123e
132,XS1190886314,NEW YORK,0900045c82ee621c
133,XS1293812134,HONG KONG,0900045c83bd1b84
134,XS1289614296,HONG KONG|LONDON|NEW YORK,0900045c83c30ee3
135,XS1293121148,TARGET HOLIDAYS,0900045c83b2b290
136,XS1349641461,ZURICH,0900045c83c122d4
137,XS1293808702,HONG KONG,0900045c83bb5ee9
138,XS1336567315,HONG KONG,0900045c83b4955f
139,XS1289278084,HONG KONG,0900045c83b19924
140,XS1190866803,TARGET HOLIDAYS,0900045c8310e0dc
141,XS1293137573,TARGET HOLIDAYS,0900045c83c0f8d8
142,XS1262374645,LONDON|NEW YORK|SAO-PAULO|TOKYO,0900045c835179f1
143,XS1265861911,HONG KONG,0900045c83958883
144,XS1340018529,NEW YORK,0900045c83b82586
145,XS1265256302,LONDON|NEW YORK|SAO-PAULO|TOKYO,0900045c83581574
146,XS1350032634,NEW YORK,0900045c83c633f2
147,XS1336957029,LONDON|TOKYO,0900045c83b723e8
148,XS1190837374,ZURICH,0900045c8399cf76
149,XS1293113988,TARGET HOLIDAYS,0900045c83b1d1a1
150,XS1293109010,NEW YORK,0900045c83ac9caa
151,XS1313801604,LONDON|TOKYO,0900045c83b42b0c
152,XS1301503733,LONDON|NEW YORK|TOKYO,0900045c83afb3d1
153,XS1332081352,NEW YORK,0900045c83ac00e5
154,XS1289275734,NEW YORK,0900045c83b32e11
155,XS1293137227,TARGET HOLIDAYS,0900045c83c49f1d
156,XS1339641000,NEW YORK,0900045c83c20263
157,XS1326553168,HONG KONG,0900045c83ac179d
158,XS1329979188,TOKYO,0900045c83aab733
159,XS1242196555,LONDON|NEW YORK,0900045c83c7f38e
160,XS1332485876,SINGAPORE,0900045c83ace950
161,XS1167051256,LONDON,0900045c82d17828
162,XS1051372495,NEW YORK,0900045c83b592a8
163,XS1313393131,LONDON|SYDNEY|TOKYO,0900045c83c2f6dd
164,XS1293123516,NEW YORK,0900045c83b2a375
165,XS1267246756,LONDON|SYDNEY|TOKYO,0900045c83a9e3d6
166,XS1293825110,HONG KONG,0900045c83b6cd54
167,XS0961870333,LONDON|TARGET HOLIDAYS,0900045c81d0d57e
168,XS1274030664,LONDON|NEW YORK|SAO-PAULO|TOKYO,0900045c835f1b83
169,XS1313803139,LONDON|TOKYO,0900045c83ba7012
170,XS1338157834,LONDON|TOKYO,0900045c83ba0435
171,XS1293813298,HONG KONG,0900045c83b6cd6a
172,XS1254324095,HONG KONG,0900045c83b25f13
173,XS1301482391,LONDON|TOKYO,0900045c83add41c
174,XS1301471196,LONDON|TOKYO,0900045c83a3e37b
175,XS0461332347,LONDON|NEW YORK,0900045c833fd034
176,XS1293828726,HONG KONG,0900045c83b331de
177,XS1344716896,TOKYO,0900045c83c10426
178,XS1190871472,NEW YORK,0900045c83364a8b
179,XS1266620845,NEW YORK,0900045c83a32b42
180,XS1326552780,HONG KONG,0900045c83ac8edc
181,XS1341173976,LONDON|NEW YORK|TOKYO,0900045c83bb0f07
182,XS1293830201,HONG KONG,0900045c83b5d289
183,XS1293112584,ZURICH,0900045c83b05631
184,XS1301505274,LONDON|NEW YORK|TOKYO,0900045c839b32c6
185,XS1051362694,LONDON|NEW YORK|TOKYO,0900045c83aa2b0a
186,XS1266613634,ISTANBUL|LONDON|NEW YORK|TARGET HOLIDAYS|TOKYO,0900045c83ace4cb
187,XS1293140874,NEW YORK,0900045c83c1ef1c
188,XS1266603163,NEW YORK|TOKYO,0900045c83ac3948
189,XS1266633822,NEW YORK,0900045c83a32aee
190,XS1293110968,NEW YORK|SAO-PAULO,0900045c83b22e50
191,XS1051364633,LONDON|NEW YORK,0900045c83af1bd1
192,XS1339002252,LONDON,0900045c83b668ce
193,XS1289655992,NEW YORK,0900045c83bfb2b9
194,XS1293114440,LONDON,0900045c83ad8a5b
195,XS1266603080,NEW YORK|TOKYO,0900045c83ac397d
196,XS1326565766,NEW YORK,0900045c83b37b2e
197,XS1061486517,ZURICH,0900045c82d7ac43
198,XS1313390624,LONDON|TOKYO,0900045c83bd8872
199,XS1325541610,TOKYO,0900045c83a7de70
200,XS1313801869,LONDON|TOKYO,0900045c83b3641c
201,XS0475698857,LONDON|TARGET HOLIDAYS,0900045c82fe07d6
202,XS1293098734,TARGET HOLIDAYS,0900045c83ab87ad
203,XS1275341524,LONDON|NEW YORK|SAO-PAULO|TOKYO,0900045c835ff8bf
204,XS1293114523,LONDON,0900045c83b38384
205,XS1338875047,LONDON|TOKYO,0900045c83b9fbf9
206,XS1190860194,ZURICH,0900045c83364a89
207,XS1312160176,NEW YORK,0900045c83afb3a8
208,XS1330686608,NEW YORK|TOKYO,0900045c83a60463
209,XS1230150887,LONDON|NEW YORK,0900045c83cc8665
210,XS1190865151,TARGET HOLIDAYS,0900045c8315b952
211,XS1301480346,LONDON|TOKYO,0900045c83ae485b
212,XS1336930760,TOKYO,0900045c83b89e82
213,XS1340550810,LONDON|NEW YORK,0900045c83b1fca4
214,XS1293818172,HONG KONG,0900045c83bd1ba1
215,XS1051374350,LONDON|TOKYO,0900045c83c52447
216,XS1338149815,TOKYO,0900045c83b89e8a
217,XS1190839586,NEW YORK,0900045c838a58c5
218,XS1267282553,LONDON|TOKYO,0900045c83bf570e
219,XS1325894969,NEW YORK,0900045c83a27d80
220,XS1324536249,NEW YORK,0900045c83a1677e
221,CH0309683933,TARGET HOLIDAYS,0900045c83c1612a
222,XS1326567622,NEW YORK,0900045c83a672b8
223,XS1221061010,NEW YORK,0900045c8307e23a
224,XS1267251087,NEW YORK,0900045c83adf1c9
225,XS1267292784,NEW YORK,0900045c83c37d6d
226,XS1326555619,SYDNEY,0900045c83aabf82
227,XS1326564363,HONG KONG,0900045c83a63ff5
228,XS1098729384,NEW YORK,0900045c8271eeff
229,XS1266606349,TOKYO,0900045c83aa03c7
230,XS1190865235,NEW YORK,0900045c8316e056
231,XS1313396407,LONDON|TOKYO,0900045c83c3eeef
232,XS1330994689,LONDON|NEW YORK,0900045c83a8eace
233,XS1051374277,LONDON|TOKYO,0900045c83c25233
234,XS1312177733,NEW YORK,0900045c83a8f44c
235,XS1349940293,LONDON|TOKYO,0900045c83c2cc88
236,XS1339638550,NEW YORK,0900045c83c2ece5
237,XS1167365607,LONDON|TARGET HOLIDAYS,0900045c82ed8d1e
238,XS1190839404,NEW YORK,0900045c83882a90
239,XS1189763557,NEW YORK,0900045c82d905e8
240,XS0586130022,LONDON|TARGET HOLIDAYS,0900045c80b013e1
241,XS1051338041,LONDON|TOKYO,0900045c83a6832f
242,XS1313390111,LONDON|NEW YORK|SAO-PAULO|SYDNEY|TARGET HOLIDAYS|TOKYO,0900045c83b986df
243,XS1265300993,LONDON|NEW YORK|SAO-PAULO|TOKYO,0900045c835179f0
244,XS1326569750,NEW YORK,0900045c83b361a9
245,XS1289130921,MOSCOU|NEW YORK,0900045c83cd61cf
246,XS1051338124,LONDON|NEW YORK|TOKYO,0900045c83a280e0
247,XS1265250792,LONDON|NEW YORK|SAO-PAULO|TOKYO,0900045c83573b46
248,XS1202917859,NEW YORK,0900045c82ed54fd
249,XS1190858453,NEW YORK,0900045c83314c84
250,XS1324219192,LONDON|TOKYO,0900045c83a4ae5d
251,XS1326568273,NEW YORK,0900045c83bd8d1e
252,XS1266620175,TOKYO,0900045c83ac399b
253,XS1254327510,HONG KONG,0900045c83ae37c3
254,XS1195181489,LONDON|NEW YORK|TOKYO,0900045c82e4708e
255,XS1222906387,LONDON|NEW YORK|TOKYO,0900045c83a0ffc2
256,XS1293826357,HONG KONG,0900045c83b6cd6b
257,XS1340707659,NEW YORK,0900045c83b8258a
258,XS1349022480,NEW YORK,0900045c83c4fcbe
259,XS1301490220,LONDON|TOKYO,0900045c839f9b64
260,XS1190885340,NEW YORK,0900045c82f60697
261,XS1339640374,NEW YORK,0900045c83c3fc7a
262,XS0475698774,LONDON|TARGET HOLIDAYS,0900045c82fe07bf
263,XS1267243498,NEW YORK|TARGET HOLIDAYS,0900045c83a8e9d9
264,XS1190859857,TARGET HOLIDAYS,0900045c83364a8e
265,XS1281373784,LONDON|NEW YORK|TOKYO,0900045c839008e1
266,XS1240013158,HONG KONG,0900045c83a966cd
267,XS1336577462,LONDON|TOKYO,0900045c83bb0f0c
268,XS1345321068,LONDON|NEW YORK,0900045c83b912f0
269,XS1166358447,LONDON|NEW YORK,0900045c83095a2a
270,XS1266636171,LONDON|NEW YORK|TARGET HOLIDAYS,0900045c83aa0379
271,XS1313804533,LONDON|NEW YORK|TOKYO,0900045c83b630fc
272,XS0890138794,LONDON|NEW YORK,0900045c83528af7
273,XS1326544092,TARGET HOLIDAYS,0900045c83b2c0e0
274,XS1266628319,NEW YORK,0900045c83a43b4f
275,XS1313397710,LONDON|TOKYO,0900045c83c3ee97
276,XS1254282749,NEW YORK,0900045c83a87e2d
277,XS1190863883,TARGET HOLIDAYS,0900045c833c8172
278,XS1313800622,LONDON|TOKYO,0900045c83b63028
279,XS1061485030,TARGET HOLIDAYS,0900045c82dace0c
280,XS1336838286,NEW YORK,0900045c83b49564
281,XS1173869022,NEW YORK,0900045c82dd35f3
282,XS1289355502,HONG KONG,0900045c83c7dd2f
283,XS1293804461,HONG KONG,0900045c83bc154e
284,XS1293097686,TARGET HOLIDAYS,0900045c83ab87a7
285,XS1254244228,HONG KONG,0900045c83a966e3
286,XS1293836828,BEIJING|HONG KONG,0900045c83b03eef
287,XS0461339516,LONDON|LUXEMBOURG|TARGET HOLIDAYS,0900045c83b82797
288,XS1281393030,SINGAPORE,0900045c83a08a18
289,XS1346292581,HONG KONG|LONDON|NEW YORK|TORONTO,0900045c83bb77cf
290,XS1051370796,LONDON|NEW YORK,0900045c83b67818
291,XS1051369517,LONDON|NEW YORK,0900045c83b30a1f
292,XS1338809848,LONDON|TOKYO,0900045c83b41aed
293,XS1326564280,TARGET HOLIDAYS,0900045c83a65761
294,XS1338027383,NEW YORK|TOKYO,0900045c83ba8d34
295,XS1326544415,NEW YORK,0900045c83b2db5c
296,XS1267289996,NEW YORK,0900045c83c13847
297,XS1330525699,LONDON|TOKYO,0900045c83acaf5d
298,XS1051370523,LONDON|NEW YORK,0900045c83b67817
299,XS1113604489,LONDON,0900045c8308604f
300,XS1289270420,HONG KONG,0900045c83b25f14
301,XS1349641891,NEW YORK,0900045c83c6cb58
302,XS1051341698,LONDON|NEW YORK|TOKYO,0900045c83c0bbe2
303,XS1289273879,HONG KONG,0900045c83b25ee8
304,XS1313795798,TOKYO,0900045c83ad89be
305,XS1266251625,LONDON|NEW YORK,0900045c8376cb31
306,XS1289639871,SINGAPORE,0900045c83c111b6
307,XS1207472660,NEW YORK|SINGAPORE,0900045c82f37142
308,XS1340076998,LONDON|TOKYO,0900045c83bce1d1
309,XS1301494990,HONG KONG,0900045c8398328a
310,XS0961894861,LONDON|NEW YORK,0900045c837bf9c3
311,XS1267246087,HONG KONG,0900045c83abfe60
312,XS1189763714,NEW YORK,0900045c82d905e7
313,XS1113708421,ISTANBUL|LONDON|NEW YORK|TOKYO,0900045c82b9490d
314,XS1293829294,HONG KONG,0900045c83b331df
315,XS1340039368,LONDON|TOKYO,0900045c83b610cc
316,XS1338162917,LONDON|TOKYO,0900045c83b723e6
317,XS1326558985,TARGET HOLIDAYS,0900045c83a8ec32
318,XS1240014040,HONG KONG,0900045c83a96696
319,XS1167366837,LONDON|NEW YORK|TOKYO,0900045c82ef2c71
320,XS1275324603,LONDON|NEW YORK|SAO-PAULO|TOKYO,0900045c8360cfef
321,XS1254320184,HONG KONG,0900045c83b19912
322,XS1267258926,NEW YORK|TARGET HOLIDAYS,0900045c83b1e081
323,XS1313390970,SYDNEY|TOKYO,0900045c83be7314
324,XS1313808526,LONDON|TOKYO,0900045c83b8b6b3
325,XS1340018107,NEW YORK,0900045c83b087ae
326,XS1301474612,LONDON|NEW YORK|TOKYO,0900045c839cef21
327,XS1313802321,TOKYO,0900045c83b42aac
328,XS1340833448,LONDON|TOKYO,0900045c83b89e83
329,XS1134598165,NEW YORK,0900045c82a1f1d8
330,XS1266606851,LONDON|NEW YORK|TOKYO,0900045c83ac392d
331,XS1293125214,NEW YORK,0900045c83b3a663
332,XS1313801943,LONDON|TOKYO,0900045c83b42ae5
333,XS1336950529,LONDON|NEW YORK|TOKYO,0900045c83b724ee
334,XS1183229084,HONG KONG|NEW YORK,0900045c82d3b389
335,XS1267265541,LONDON|NEW YORK|TOKYO,0900045c83b72eab
336,XS1301493323,NEW YORK,0900045c83a1d4b1
337,XS1326565683,NEW YORK,0900045c83b450bf
338,XS1267290226,NEW YORK,0900045c83be6a78
339,XS1267303730,SINGAPORE,0900045c83c6c697
340,XS1254315770,NEW YORK,0900045c83b0d4dc
341,XS1340883039,TOKYO,0900045c83be359f
342,XS1293097504,NEW YORK,0900045c83a523dd
343,XS1183614582,LONDON|TARGET HOLIDAYS,0900045c8316bf4b
344,XS1301479926,NEW YORK,0900045c83ae48a9
345,XS1293098577,TARGET HOLIDAYS,0900045c83aa098e
346,XS1267249693,NEW YORK,0900045c83ac448e
347,XS1312165217,NEW YORK,0900045c83a9123f
348,XS1228134877,NEW YORK,0900045c83124342
349,XS1324216412,LONDON|TOKYO,0900045c83a53194
350,XS1340048948,LONDON|TOKYO,0900045c83bb0e58
351,XS1289316603,NEW YORK,0900045c83af3828
352,XS1183614749,LONDON|NEW YORK,0900045c82fd96d1
353,XS1301504384,HONG KONG,0900045c83b04045
354,XS1342255640,TOKYO,0900045c83c10414
355,XS1289370725,HONG KONG,0900045c83c7df03
356,XS1326543284,HONG KONG,0900045c83b2bddd
357,XS1301454341,SINGAPORE,0900045c83b19b65
358,XS1316564167,LONDON|SYDNEY|TOKYO,0900045c839cad01
359,XS1349313459,HONG KONG,0900045c83c60471
360,XS1245665929,LONDON|NEW YORK|SAO-PAULO|TOKYO,0900045c83359477
361,XS1349641206,NEW YORK,0900045c83c6cb55
362,XS1324896536,SINGAPORE,0900045c83a16787
363,XS1051365010,LONDON|NEW YORK|TOKYO,0900045c83ae19e8
364,XS0548482933,LONDON|TOKYO,0900045c80db38ab
365,XS1289326669,HONG KONG,0900045c83b25ece
366,XS1326560882,NEW YORK|SINGAPORE,0900045c83bd7fb0
367,XS1266620506,HONG KONG,0900045c83a93df6
368,XS1281367208,SINGAPORE,0900045c83b946d2
369,XS1266595047,LONDON|NEW YORK|SAO-PAULO|TARGET HOLIDAYS|TOKYO,0900045c83aa02f5
370,XS1051359989,LONDON|NEW YORK|TOKYO,0900045c83ae1a23
371,XS1320659854,NEW YORK|TOKYO,0900045c83a0ad74
372,XS1289355767,NEW YORK,0900045c83c7dd2e
373,XS1213637397,NEW YORK,0900045c83124398
374,XS1332196846,LONDON|TOKYO,0900045c83adf179
375,XS1051340963,LONDON|TOKYO,0900045c83a59d72
376,XS1293113046,NEW YORK,0900045c83ae8a1f
377,XS1338162677,CAIRE|NEW YORK,0900045c83b2949e
378,XS1301496854,LONDON|TOKYO,0900045c83addd39
379,XS1293830037,HONG KONG,0900045c83b5d28a
380,XS1183646279,LONDON|TARGET HOLIDAYS,0900045c83096377
381,XS1293107667,ZURICH,0900045c83af9d69
382,XS1266642906,NEW YORK,0900045c83a32b27
383,XS1326550578,TARGET HOLIDAYS,0900045c83aeb40d
384,XS1268490957,LONDON|NEW YORK|SAO-PAULO|TOKYO,0900045c83573b64
385,XS1266618278,ISTANBUL|LONDON|NEW YORK|TARGET HOLIDAYS|TOKYO,0900045c83ab1e1b
386,XS1217804373,LONDON|SYDNEY|TOKYO,0900045c83288955
387,XS1166177904,NEW YORK,0900045c82cc38db
388,XS1293098817,TARGET HOLIDAYS,0900045c83ab8795
389,XS1323982162,LONDON|NEW YORK,0900045c83a07266
390,XS1275962121,LONDON|NEW YORK|SAO-PAULO|TOKYO,0900045c835c6ad9
391,XS1051371414,HONG KONG,0900045c83b592a4
392,XS1326564520,NEW YORK,0900045c83bd8d1a
393,XS1301474968,NEW YORK,0900045c839c13da
394,XS1267291893,NEW YORK,0900045c83c37d6e
395,XS1326567895,HONG KONG,0900045c83a6497d
396,XS1331664919,TOKYO,0900045c83a9d79d
397,XS1267238654,NEW YORK,0900045c83a62fad
398,XS1326569321,NEW YORK,0900045c83b37b0f
399,XS1340079158,LONDON|TOKYO,0900045c83bb0dee
400,XS1326551386,HONG KONG,0900045c83add170
401,XS1293138894,MEXICO,0900045c83c2f542
402,XS1240191764,HONG KONG,0900045c8323b3f5
403,XS1267285572,LONDON|TOKYO,0900045c83c03ca3
404,XS1274650024,LONDON|NEW YORK|SAO-PAULO|TOKYO,0900045c835f1b82
405,XS1051362934,LONDON|TOKYO,0900045c83b1f934
406,XS1293831514,HONG KONG,0900045c83b9477b
407,XS1131875905,NEW YORK,0900045c829df391
408,XS1313806660,LONDON|TOKYO,0900045c83b6307e
409,XS1274823498,LONDON|NEW YORK|SINGAPORE,0900045c8363c8ac
410,XS1326563472,NEW YORK,0900045c83b3618c
411,XS1339632439,NEW YORK,0900045c83c12d3a
412,XS1217804290,LONDON|NEW YORK|TOKYO,0900045c83288952
413,XS1312161901,NEW YORK,0900045c83aec598
414,XS1266216396,LONDON|NEW YORK|TOKYO,0900045c83720740
415,XS1293813967,HONG KONG,0900045c83b9478b
416,XS1267291547,NEW YORK,0900045c83c40d77
417,XS1254280883,HONG KONG,0900045c83ab4b93
418,XS1267262019,LONDON|TOKYO,0900045c83b5380b
419,XS1190843422,TARGET HOLIDAYS,0900045c83929b94
420,XS1326551626,HONG KONG,0900045c83adc539
421,XS1037778104,LONDON|NEW YORK,0900045c826391d2
422,XS1289354109,HONG KONG,0900045c83c7dcc7
423,XS1293809189,HONG KONG,0900045c83b6face
424,XS1293815079,HONG KONG,0900045c83b6cd67
425,XS1338873265,LONDON|TOKYO,0900045c83b9fbfa
426,XS1293836315,HONG KONG,0900045c83b0ff88
427,XS1051351143,LONDON|TOKYO,0900045c83b0c39a
428,XS1267279252,HONG KONG,0900045c83be51ef
429,XS1293809346,HONG KONG,0900045c83b6156a
430,XS1340033080,HONG KONG,0900045c83b576af
431,SE0006763934,LONDON|OSLO,0900045c83abd21f
432,XS1299980323,LONDON|NEW YORK|SYDNEY,0900045c8378203d
433,XS1301505787,LONDON|TOKYO,0900045c83aa81ef
434,XS1293136922,NEW YORK,0900045c83c0f8d2
435,XS1331674983,LONDON|NEW YORK,0900045c83a8020a
436,XS1051365283,LONDON|TOKYO,0900045c83ae2e6a
437,XS1313397983,LONDON|NEW YORK|TOKYO,0900045c83c3ef4e
438,XS1332503876,LONDON|TOKYO,0900045c83ad1344
439,XS1267234406,TOKYO,0900045c83a1e25b
440,XS1244078934,LONDON|NEW YORK|SAO-PAULO|TOKYO,0900045c83304ea8
441,XS1293804388,BEIJING|HONG KONG,0900045c83bc155b
442,XS1289268796,HONG KONG,0900045c83b25f02
443,XS1267303227,HONG KONG,0900045c83c6c698
444,XS1254318105,HONG KONG,0900045c83b25f55
445,XS1240006293,HONG KONG,0900045c83a9666f
446,XS1266613980,HONG KONG,0900045c83a93c8c
447,XS1221134189,LONDON|NEW YORK,0900045c83ac2357
448,XS1266624243,TOKYO,0900045c83a6067b
449,XS1340071098,TOKYO,0900045c83bb0de8
450,XS1293137813,TARGET HOLIDAYS,0900045c83c0f8fa
451,XS1190852258,NEW YORK,0900045c8369a812
452,XS1267285226,NEW YORK,0900045c83c7f365
453,XS1339071570,TOKYO,0900045c83b1114a
454,XS1183643250,LONDON|NEW YORK,0900045c8303558b
455,XS1173868487,NEW YORK,0900045c82cd0a50
456,XS1190846102,ZURICH,0900045c83645012
457,XS1266624086,LONDON|NEW YORK|TARGET HOLIDAYS,0900045c83a80d3b
458,XS1325605878,NEW YORK|TOKYO,0900045c83a0ad76
459,XS1231203701,HONG KONG|LONDON|NEW YORK,0900045c83180165
460,XS1143928049,TARGET HOLIDAYS,0900045c82ca5e27
461,XS1267297155,LONDON|TOKYO,0900045c83c600b3
462,XS1293106347,TARGET HOLIDAYS,0900045c83afe8b6
463,DE000UBS28A4,TARGET HOLIDAYS,0900045c83748d55
464,XS1254332353,HONG KONG,0900045c83a5cafe
465,XS1313805183,LONDON|TOKYO,0900045c83b8a7ad
466,XS1037765549,LONDON|TARGET HOLIDAYS,0900045c8247870b
467,XS1267248539,LONDON|SYDNEY|TOKYO,0900045c83aaf3aa
468,XS1307687092,HONG KONG,0900045c83c7e537
469,XS1190855350,TARGET HOLIDAYS,0900045c83573cee
470,XS1267237334,LONDON|NEW YORK|TOKYO,0900045c83a45d7c
471,XS1083622511,NEW YORK,0900045c82866eee
472,XS1254260349,HONG KONG,0900045c83a966c9
473,XS1190881786,TARGET HOLIDAYS,0900045c82e686f6
474,XS1190855608,NEW YORK,0900045c83531d90
475,XS1313394618,LONDON|TOKYO,0900045c83c10157
476,XS0894827046,LONDON,0900045c8168042c
477,XS1176689674,HONG KONG|NEW YORK,0900045c82d08ef8
478,XS1293109366,LONDON,0900045c83b1d3ba
479,XS1293820822,HONG KONG,0900045c83b5d2a1
480,XS1326542476,HONG KONG,0900045c83b2bdde
481,XS1267271788,LONDON|TOKYO,0900045c83bc956a
482,XS1293819063,HONG KONG,0900045c83b5d2aa
483,XS1340018446,NEW YORK,0900045c83b08a56
484,XS1190837960,NEW YORK,0900045c8394a39d
485,XS1051374863,LONDON|NEW YORK|TOKYO,0900045c83c7f275
486,XS1338146712,HONG KONG,0900045c83b4955a
487,XS1267291117,NEW YORK,0900045c83c20b13
488,XS1336952145,LONDON|TOKYO,0900045c83b665a8
489,XS1213802009,LONDON|NEW YORK|SAO-PAULO|TOKYO,0900045c82f63af4
490,XS1051337589,LONDON|TOKYO,0900045c83a37567
491,XS1293114952,NEW YORK,0900045c83addf63
492,XS1340882817,TOKYO,0900045c83bd8501
493,XS1190887809,TARGET HOLIDAYS,0900045c82e0abbd
494,XS1222905140,LONDON|TOKYO,0900045c83a2ea9f
495,XS1289344217,HONG KONG,0900045c83bedafb
496,XS1169811491,NEW YORK,0900045c82cb4d14
497,XS1301484173,LONDON|TOKYO,0900045c83a7180e
498,XS1313797067,LONDON|TOKYO,0900045c83ac8740
499,XS1293818685,HONG KONG|NEW YORK,0900045c83b87cce
500,XS1293123862,NEW YORK,0900045c83b224e4
501,XS1106975110,NEW YORK,0900045c827d4892
502,XS1326555452,HONG KONG,0900045c83adc53a
503,XS1313808286,LONDON|TOKYO,0900045c83b63076
504,XS1267266432,HONG KONG,0900045c83b50e0b
505,XS1313799519,LONDON|NEW YORK|SAO-PAULO|TARGET HOLIDAYS|TOKYO,0900045c83ac86b6
506,XS1349235397,LONDON|TOKYO,0900045c83c2c1a5
507,XS1326565097,NEW YORK,0900045c83bbe49e
508,XS1229480568,LONDON|NEW YORK|TARGET HOLIDAYS,0900045c8338b564
509,XS1267279179,HONG KONG,0900045c83b9857e
510,XS1338868695,LONDON|TOKYO,0900045c83bce1df
511,XS1254344440,LONDON,0900045c83a96690
512,XS1167061644,LONDON|NEW YORK|TOKYO,0900045c82d93264
513,XS1061068273,NEW YORK,0900045c825574fd
514,XS1293114101,TARGET HOLIDAYS,0900045c83b1d1be
515,XS1190858024,TARGET HOLIDAYS,0900045c834b765c
516,XS1190887981,NEW YORK,0900045c82e073fc
517,XS1293096522,LONDON,0900045c83b1d343
518,XS1332504924,LONDON|TOKYO,0900045c83ad132b
519,XS1344716201,TOKYO,0900045c83c10413
520,XS1267259817,LONDON|NEW YORK|TOKYO,0900045c83b4d4f2
521,XS1301496185,LONDON|NEW YORK|TOKYO,0900045c83a9993d
522,XS1293818768,HONG KONG,0900045c83bc156f
523,XS1350361371,BEIJING|HONG KONG|LONDON|NEW YORK|TORONTO,0900045c83c01d1e
524,XS1051370101,LONDON|TOKYO,0900045c83cc3957
525,XS1167067336,LONDON|SYDNEY|TOKYO,0900045c82dbcbec
526,XS1254308726,NEW YORK,0900045c83af37a7
527,XS1326569081,NEW YORK,0900045c83bbdb75
528,XS1293812480,HONG KONG,0900045c83b6cd59
529,XS1281373271,NEW YORK,0900045c83b4cc7c
530,XS1182591575,LONDON|NEW YORK,0900045c82f0734f
531,XS1293104722,NEW YORK,0900045c83ab929f
532,XS1289271402,NEW YORK,0900045c83b25f88
533,XS1340850293,LONDON|NEW YORK|TOKYO,0900045c83c02062
534,XS1293832165,HONG KONG,0900045c83b331dc
535,XS1190839073,TARGET HOLIDAYS,0900045c839c90d3
536,XS1051376728,TARGET HOLIDAYS,0900045c83bf955f
537,XS1206471994,NEW YORK,0900045c82f135f5
538,XS1313803212,LONDON|TOKYO,0900045c83b3648a
539,XS1222904929,LONDON|NEW YORK|TOKYO,0900045c83a61d7c
540,XS1199559987,LONDON|NEW YORK|TARGET HOLIDAYS|TOKYO,0900045c82ef82cc
541,XS1051369608,LONDON|TOKYO,0900045c83b48c00
542,XS1267284252,HONG KONG,0900045c83c03bf9
543,XS1215208007,LONDON|TARGET HOLIDAYS,0900045c82f81680
544,XS1051383187,LONDON|NEW YORK,0900045c83c43b5f
545,XS1266636098,NEW YORK,0900045c83a43b88
546,XS1289351006,HONG KONG,0900045c83beda71
547,XS1190839743,NEW YORK,0900045c8389117d
548,XS1336580334,LONDON|TOKYO,0900045c83b665dd
549,XS1267292198,NEW YORK,0900045c83c2f85c
550,XS1267261631,TARGET HOLIDAYS,0900045c83b03fb3
551,XS1338155382,LONDON|TOKYO,0900045c83b7cf79
552,XS1332857256,LONDON|TOKYO,0900045c83a7de84
553,XS1340105094,LONDON|NEW YORK|TOKYO,0900045c83bdda4d
554,XS1301477391,NEW YORK,0900045c83a2ab12
555,XS1167061560,LONDON|SYDNEY|TOKYO,0900045c82dabefb
556,XS1190859345,NEW YORK,0900045c832d0c33
557,XS1205567206,HONG KONG|NEW YORK,0900045c82ef7d9a
558,XS1162197864,HONG KONG|NEW YORK,0900045c82c35cf5
559,XS1338868422,LONDON|TARGET HOLIDAYS,0900045c83acc278
560,XS1293808538,HONG KONG,0900045c83b87cbc
561,XS1289306125,TARGET HOLIDAYS,0900045c83af384b
562,XS1326560452,NEW YORK,0900045c83a6fb8d
563,XS1229484719,LONDON|NEW YORK,0900045c833480ef
564,XS1051364989,LONDON|TOKYO,0900045c83af100a
565,XS1051373626,LONDON|TOKYO,0900045c83c5246b
566,XS1326557664,HONG KONG,0900045c83a9dc22
567,XS1245751174,LONDON|NEW YORK|SAO-PAULO|TOKYO,0900045c83336f44
568,XS1326550651,HONG KONG,0900045c83af9e2b
569,XS1324210563,HONG KONG,0900045c83a0725c
570,XS1051375910,LONDON|TOKYO,0900045c83c1532d
571,XS1144595771,LONDON,0900045c8306331a
572,XS1301487606,LONDON|TOKYO,0900045c83afb33b
573,XS1190849973,ZURICH,0900045c8357e604
574,XS1326557748,HONG KONG,0900045c83a9e2a3
575,XS1312175950,NEW YORK,0900045c83afb3aa
576,XS1267290903,LONDON,0900045c83c20c53
577,XS1293141849,SYDNEY,0900045c83c4c8ee
578,XS1167330486,LONDON,0900045c82e31bec
579,XS1281355880,NEW YORK,0900045c83ba37ee
580,XS1254258442,HONG KONG,0900045c83a4c27a
581,XS1326146799,TOKYO,0900045c83a7de87
582,XS1190869815,NEW YORK,0900045c830702bf
583,XS1266605614,ISTANBUL|LONDON|NEW YORK|TARGET HOLIDAYS|TOKYO,0900045c83ac399f
584,XS1293120769,NEW YORK,0900045c83b435d4
585,XS1170197724,HONG KONG|NEW YORK,0900045c82cb174f
586,XS1340854873,LONDON|TOKYO,0900045c83bb0f0b
587,XS1293825896,HONG KONG,0900045c83b6cd71
588,XS0461354663,LONDON|NEW YORK,0900045c83153b03
589,XS1183618492,LONDON|TARGET HOLIDAYS,0900045c8304ed42
590,XS1301501018,LONDON|TOKYO,0900045c83a4e71a
591,XS1266629473,NEW YORK,0900045c83a63e1c
592,XS1267242920,HONG KONG,0900045c83a9c56d
593,XS1301474703,HONG KONG,0900045c83992378
594,XS1267296934,LONDON|TOKYO,0900045c83c60156
595,XS1190852688,NEW YORK,0900045c83561f54
596,XS1330444420,NEW YORK,0900045c83a9357a
597,XS1144265714,NEW YORK,0900045c82ae03d8
598,XS1338159020,LONDON|TOKYO,0900045c83b723b8
599,XS1326552194,HONG KONG,0900045c83add16e
600,XS1275961313,LONDON|NEW YORK|SAO-PAULO|TOKYO,0900045c835f1b86
601,XS1245195869,NEW YORK,0900045c8368b681
602,XS1326550735,HONG KONG,0900045c83af9e2c
603,XS1324935292,LONDON|TOKYO,0900045c83a53197
604,XS1266637146,LONDON|NEW YORK|TARGET HOLIDAYS,0900045c83b59121
605,XS1338163568,LONDON|TOKYO,0900045c83b724f9
606,XS1222906205,TOKYO,0900045c83a3feb4
607,XS1356556941,NEW YORK|TOKYO,0900045c83c74ecc
608,XS1267266275,HONG KONG,0900045c83b50d42
609,XS1280557114,LONDON|NEW YORK|SAO-PAULO|TOKYO,0900045c8364e3b5
610,XS1301477474,LONDON|NEW YORK|TOKYO,0900045c83a0ada5
611,XS1254310623,HONG KONG,0900045c83b32e06
612,XS1326568513,NEW YORK,0900045c83bbe32f
613,XS1051329560,LONDON|TARGET HOLIDAYS,0900045c83c60965
614,XS1301481153,NEW YORK,0900045c839c1376
615,XS1293842719,HONG KONG,0900045c83a9c0c8
616,CH0309683917,NEW YORK,0900045c83c2290e
617,XS1267231139,LONDON|NEW YORK|TOKYO,0900045c83a1e0f7
618,XS1326559447,SYDNEY,0900045c83a81643
619,XS1267292354,SYDNEY,0900045c83c41016
620,XS1153462293,HONG KONG|NEW YORK,0900045c82cd14a3
621,XS1266608477,TOKYO,0900045c83aa0400
622,XS1323908944,NEW YORK,0900045c83a0726a
623,XS1190852332,TARGET HOLIDAYS,0900045c8369a01c
624,XS1267249347,LONDON|NEW YORK|TOKYO,0900045c83a91b0d
625,XS1097859034,NEW YORK,0900045c826fbea9
626,XS1266616736,HONG KONG,0900045c83a7f564
627,XS1190841566,NEW YORK,0900045c838862fe
628,XS1293819147,HONG KONG,0900045c83b6cd68
629,XS1252241309,LONDON|NEW YORK|SAO-PAULO|TOKYO,0900045c83359054
630,XS1204100249,HONG KONG|NEW YORK,0900045c82ee3d64
631,XS1336930927,TOKYO,0900045c83b52594
632,XS1275326640,LONDON|NEW YORK|SAO-PAULO|TOKYO,0900045c835c6ada
633,XS1312162115,NEW YORK,0900045c83af0dc7
634,XS1266597845,TOKYO,0900045c83aa035a
635,XS1289272715,HONG KONG,0900045c83b25ed2
636,XS1313801430,LONDON|TOKYO,0900045c83b42a87
637,XS1336597494,NEW YORK,0900045c83bf47e3
638,DE000UZ165E9,TARGET HOLIDAYS,0900045c82a4ae5c
639,XS1161871089,HONG KONG|NEW YORK,0900045c82dbc0c5
640,XS1254319095,HONG KONG,0900045c83b25edf
641,XS1267240551,LONDON|TOKYO,0900045c83a74754
642,XS1340047460,LONDON|TOKYO,0900045c83bb0e0a
643,XS1338146639,HONG KONG,0900045c83b49562
644,XS1349272168,HONG KONG,0900045c83c60474
645,XS1293113806,TARGET HOLIDAYS,0900045c83ade63f
646,XS1120538597,NEW YORK,0900045c82913e4c
647,XS1338164707,LONDON|TOKYO,0900045c83b724f8
648,XS1289641349,NEW YORK,0900045c83c11117
649,XS1266614954,ISTANBUL|LONDON|NEW YORK|TARGET HOLIDAYS|TOKYO,0900045c83ae0177
650,XS1267265384,LONDON|TOKYO,0900045c83b72ead
651,XS1253516899,LONDON|NEW YORK|SAO-PAULO|TOKYO,0900045c834241be
652,XS1266608808,TOKYO,0900045c83b07b0e
653,XS1313808104,LONDON|TOKYO,0900045c83bd8855
654,XS1336931149,TOKYO,0900045c83b349b7
655,XS1338876524,JOHANNESBURG|LONDON|NEW YORK,0900045c83aff769
656,XS1313804293,TOKYO,0900045c83b527db
657,XS1293115173,LONDON,0900045c83b3a68c
658,XS1326094544,TOKYO,0900045c83a9d79a
659,XS1336950958,LONDON|TOKYO,0900045c83b724f2
660,XS1301478100,LONDON|NEW YORK|TOKYO,0900045c839923d0
661,XS1254311787,HONG KONG,0900045c83b015c6
662,XS1167332771,LONDON|NEW YORK,0900045c82e17388
663,XS1051338710,LONDON|TARGET HOLIDAYS|TOKYO,0900045c83bf467d
664,XS1326555965,HONG KONG,0900045c83aaf30e
665,XS1324181954,TOKYO,0900045c83a32a00
666,XS1313390467,LONDON|TOKYO,0900045c83bd88ea
667,XS1329669748,LONDON|NEW YORK,0900045c83acc9d0
668,XS1254325811,HONG KONG,0900045c83b015fe
669,XS1310042491,NEW YORK,0900045c838907e1
670,XS1293124837,LONDON,0900045c83ba90d3
671,XS1280557627,LONDON|NEW YORK|SAO-PAULO|TOKYO,0900045c8369bd00
672,XS1293819733,HONG KONG,0900045c83b5d2ae
673,XS1313804376,NEW YORK|TOKYO,0900045c83b527d8
674,XS1051347463,LONDON|TOKYO,0900045c83a856f9
675,XS1293097330,NEW YORK,0900045c83aad440
676,XS1193845838,BUDAPEST,0900045c833aa799
677,XS1313803055,LONDON|TOKYO,0900045c83b63005
678,XS1341299722,LONDON|TOKYO,0900045c83beb5d6
679,XS1326568604,NEW YORK,0900045c83bbd9fb
680,XS1293120256,NEW YORK,0900045c83d02589
681,XS1293834450,HONG KONG,0900045c83b5d28b
682,XS1324042677,MOSCOU,0900045c83a07265
683,XS1341230362,LONDON|TOKYO,0900045c83bce1f1
684,XS1330822047,HONG KONG,0900045c83aa1ea7
685,XS1332506622,LONDON|NEW YORK|TOKYO,0900045c83ad132a
686,XS1103086127,HONG KONG|NEW YORK,0900045c82780b40
687,XS1190857729,ZURICH,0900045c83561f55
688,XS1341225958,LONDON|TOKYO,0900045c83bce1fa
689,XS1336353948,TOKYO,0900045c83b52595
690,XS1051371257,LONDON|NEW YORK,0900045c83b2c9ac
691,XS1330684579,TOKYO,0900045c83aab72a
692,XS1266607313,TOKYO,0900045c83aa03d9
693,XS0751776070,LONDON|NEW YORK,0900045c83114de6
694,XS1307722188,HONG KONG|NEW YORK,0900045c83c7e812
695,XS1051339288,LONDON|TOKYO,0900045c83a280ee
696,XS1190835329,NEW YORK,0900045c839cadb5
697,XS1205574913,NEW YORK,0900045c82ef7d9b
698,XS1274031472,LONDON|NEW YORK|SAO-PAULO|TOKYO,0900045c835e2f56
699,XS1326549059,TARGET HOLIDAYS,0900045c83af9e66
700,XS1221060988,NEW YORK,0900045c8307e23d
701,XS1301501950,LONDON|TOKYO,0900045c83acbacb
702,XS1293140957,ZURICH,0900045c83c2f66e
703,XS1182610540,LONDON|NEW YORK,0900045c82ef8e65
704,XS1226519830,LONDON|MUMBAI|NEW YORK|SINGAPORE|TOKYO,0900045c831ddbbc
705,XS1237799835,NEW YORK|TARGET HOLIDAYS,0900045c839e0e92
706,XS1293831431,HONG KONG|NEW YORK,0900045c83b94779
707,XS1336217416,LONDON|NEW YORK,0900045c83aba657
708,XS1336957458,LONDON|TOKYO,0900045c83b665ab
709,XS1254305110,NEW YORK,0900045c83b32dbb
710,XS1266266573,LONDON|TARGET HOLIDAYS,0900045c83bbdb53
711,XS1199690691,LONDON|NEW YORK,0900045c8307d91f
712,XS1266614798,LONDON|NEW YORK|PARIS|TOKYO,0900045c83a7f5bc
713,XS1240333903,HONG KONG,0900045c83a96694
714,XS1289270180,HONG KONG,0900045c83aa596f
715,XS1289560341,NEW YORK,0900045c83a15b6d
716,XS1301464811,NEW YORK,0900045c83a97e32
717,XS1172094317,NEW YORK,0900045c82cce107
718,XS0461369349,LONDON|NEW YORK|TARGET HOLIDAYS,0900045c83aefad2
719,XS1332370979,NEW YORK|TARGET HOLIDAYS,0900045c83a48ab5
720,XS1190849544,NEW YORK,0900045c835434db
721,XS1338471623,TARGET HOLIDAYS,0900045c83b2db49
722,XS1051340617,LONDON|TOKYO,0900045c83a59d6f
723,XS1340850459,LONDON|SYDNEY|TOKYO,0900045c83bce1cc
724,XS1190880978,NEW YORK,0900045c82e122dc
725,XS1280058386,BUDAPEST,0900045c83b09283
726,XS1338471466,TARGET HOLIDAYS,0900045c83b49561
727,XS1338157321,LONDON|TOKYO,0900045c83b723e5
728,XS1266627188,SYDNEY|TARGET HOLIDAYS|TOKYO,0900045c83ac39e5
729,XS1190861325,NEW YORK,0900045c83234d0d
730,XS1267314182,HONG KONG,0900045c83c4c993
731,XS1313802750,LONDON|TOKYO,0900045c83b129f4
732,XS1326554216,NEW YORK|TARGET HOLIDAYS,0900045c83ab08b9
733,XS1293113632,TARGET HOLIDAYS,0900045c83b12a5b
734,XS1326294045,NEW YORK|TOKYO,0900045c83a7de73
735,XS1338886168,NEW YORK,0900045c83b2db52
736,XS1267302765,LONDON|TOKYO,0900045c83c60404
737,XS1190865078,ZURICH,0900045c8315b954
738,XS1293840002,HONG KONG,0900045c83b0ff85
739,XS1312177576,NEW YORK,0900045c83aa2026
740,XS1176688510,NEW YORK,0900045c82d08ef0
741,XS1301500473,LONDON|NEW YORK|TOKYO,0900045c83ad7126
742,XS1190837457,NEW YORK,0900045c8394b344
743,XS1068795241,LONDON|TARGET HOLIDAYS,0900045c837cdfb5
744,XS1301474539,LONDON|TOKYO,0900045c83a16e8f
745,XS1324916318,NEW YORK,0900045c839e0e74
746,XS1326554133,HONG KONG,0900045c83aeb40b
747,XS1293819659,HONG KONG,0900045c83b5d2b1
748,XS1332462073,LONDON|TOKYO,0900045c83aab720
749,XS1190881190,NEW YORK,0900045c82e9552f
750,XS1344715575,TOKYO,0900045c83c10424
751,XS1338163212,BRASILIA|LONDON|NEW YORK|TOKYO,0900045c83b73c59
752,XS1340128625,TARGET HOLIDAYS,0900045c83b2db42
753,XS1313803568,LONDON|TOKYO,0900045c83b8a803
754,XS1107703677,NEW YORK,0900045c827ed0d9
755,XS1313809094,LONDON|NEW YORK|SAO-PAULO|TARGET HOLIDAYS|TOKYO,0900045c83b8a787
756,XS1254316232,NEW YORK,0900045c83b25ee6
757,XS1190873098,TARGET HOLIDAYS,0900045c83298c5a
758,XS1266250064,LONDON|NEW YORK,0900045c83761a41
759,XS1341140371,TOKYO,0900045c83c2cc85
760,XS1340861225,LONDON|TOKYO,0900045c83beb60e
761,XS1281374246,LONDON|TOKYO,0900045c8392153c
762,XS1267246913,HONG KONG,0900045c83a7e84f
763,XS1281392578,LONDON|NEW YORK|TOKYO,0900045c83931755
764,XS1293097413,NEW YORK,0900045c83a682a8
765,XS1338872887,LONDON|TOKYO,0900045c83b7cf82
766,XS1326548085,NEW YORK,0900045c83b0697c
767,XS1087526452,LONDON|NEW YORK,0900045c83886907
768,XS1190874229,NEW YORK,0900045c8319de68
769,XS1341144878,TOKYO,0900045c83c10423
770,XS1289289016,HONG KONG,0900045c83b0d4e7
771,XS1265220027,LONDON|NEW YORK|SAO-PAULO|TOKYO,0900045c83528ad4
772,XS1331674801,LONDON|NEW YORK,0900045c83a683fa
773,XS1326563043,HONG KONG,0900045c83aabf5a
774,XS1326559520,HONG KONG,0900045c83a4246b
775,XS1162194689,HONG KONG|NEW YORK,0900045c82c017f3
776,XS1190877677,NEW YORK,0900045c83142dc9
777,XS1293814262,HONG KONG,0900045c83bd1b9d
778,XS1267251913,LONDON|NEW YORK|TOKYO,0900045c83adb3ae
779,XS1326557318,HONG KONG,0900045c83acc275
780,XS1313807635,TARGET HOLIDAYS,0900045c83b63003
781,XS1293121064,NEW YORK,0900045c83b14e94
782,XS1289308840,HONG KONG,0900045c83b3e58b
783,XS1190837887,NEW YORK,0900045c83959079
784,XS1254303412,NEW YORK,0900045c83b25eb0
785,XS1293119753,NEW YORK|TARGET HOLIDAYS,0900045c83b23b7a
786,XS1313397637,LONDON|TOKYO,0900045c83c3ef23
787,XS1301505191,NEW YORK,0900045c83a3dfc9
788,XS1267286117,LONDON|TOKYO,0900045c83bf570d
789,XS1267239033,LONDON|TOKYO,0900045c83a8ec26
790,XS1190866639,NEW YORK,0900045c833b5fd6
791,XS1293820749,HONG KONG,0900045c83b5d2ad
792,XS1313391358,LONDON|TOKYO,0900045c83c0f7a9
793,XS1113614959,ISTANBUL|LONDON|NEW YORK|TOKYO,0900045c82b52dab
794,XS1051368899,LONDON|TOKYO,0900045c83b744ac
795,XS1346650929,LONDON|NEW YORK|TARGET HOLIDAYS|TORONTO,0900045c83bdb386
796,XS1326568430,NEW YORK,0900045c83bd8d1b
797,XS1293813454,HONG KONG,0900045c83b6fac4
798,XS1244851009,LONDON|NEW YORK|SAO-PAULO|TOKYO,0900045c83326f2e
799,XS1312175109,NEW YORK,0900045c83b06979
800,XS1281373867,NEW YORK,0900045c83b19b73
801,XS1190853496,NEW YORK,0900045c83457c8f
802,XS1190875978,NEW YORK,0900045c8319ca9d
803,XS1336958423,LONDON|TOKYO,0900045c83bce1dc
804,XS1098900654,NEW YORK,0900045c8271577c
805,XS1266266490,LONDON|TARGET HOLIDAYS,0900045c83bc5998
806,XS1331164514,NEW YORK,0900045c83aa1e81
807,XS1190880119,NEW YORK,0900045c831219a8
808,XS1255075738,LONDON|NEW YORK|SAO-PAULO|TOKYO,0900045c8341bfa9
809,XS1182591815,LONDON|NEW YORK,0900045c82eb8205
810,XS1330764413,NEW YORK,0900045c83aa1ea9
811,XS1326566061,NEW YORK,0900045c83b3618b
812,XS1113650086,LONDON|NEW YORK|TOKYO,0900045c839ae7ec
813,XS1267264908,LONDON|TOKYO,0900045c83ba0c1a
814,XS1293834021,BEIJING|HONG KONG,0900045c83b331b7
815,XS1293841158,HONG KONG,0900045c83b331dd
816,XS1313395342,LONDON|NEW YORK|TOKYO,0900045c83c202a4
817,XS1293808025,HONG KONG,0900045c83b6155c
818,XS1313804889,LONDON|TOKYO,0900045c83b8a801
819,XS1293116148,NEW YORK,0900045c83af05ac
820,XS1293819816,HONG KONG,0900045c83b6cd6e
821,XS1209501003,LONDON|TARGET HOLIDAYS,0900045c82f08720
822,XS1281367034,LONDON|TOKYO,0900045c838362f4
823,XS1293844764,HONG KONG,0900045c83a9c0cb
824,XS1267284096,HONG KONG,0900045c83c03bfc
825,XS1267302500,NEW YORK,0900045c83c5af95
826,XS1281370095,SINGAPORE,0900045c83a4c5ca
827,XS1313398288,LONDON|TOKYO,0900045c83c579ae
828,XS1051373030,LONDON|TOKYO,0900045c83bbe9b5
829,XS1329979006,TOKYO,0900045c83acaf5e
830,XS1301476583,LONDON|NEW YORK|TOKYO,0900045c8398d31e
831,XS1307677291,HONG KONG,0900045c83c7e07f
832,XS1312161653,NEW YORK,0900045c83afb3a9
833,XS1221061366,NEW YORK,0900045c8307e23b
834,XS1349343365,SINGAPORE,0900045c83c6046d
835,XS1118970182,NEW YORK,0900045c82b993f8
836,XS1332214417,LONDON|TOKYO,0900045c83adf158
837,XS1273507019,LONDON|NEW YORK|SAO-PAULO|TOKYO,0900045c835b9476
838,XS1144640239,LONDON|TARGET HOLIDAYS,0900045c83b23a83
839,XS1340876504,TOKYO,0900045c83bd80fe
840,XS1326561260,NEW YORK,0900045c83bc5b63
841,XS1326558803,TARGET HOLIDAYS,0900045c83a8ec2c
842,XS1293094238,NEW YORK,0900045c83aad3fe
843,XS1326553325,HONG KONG,0900045c83abd2cd
844,XS1166177730,NEW YORK,0900045c82cc38d9
845,XS1339638808,NEW YORK,0900045c83c20267
846,XS1313807551,LONDON|TARGET HOLIDAYS|TOKYO,0900045c83ba6f49
847,XS1267293089,LONDON|TOKYO,0900045c83c600b5
848,XS1332461349,TOKYO,0900045c83a9d799
849,XS1051365101,LONDON|TOKYO,0900045c83acf3da
850,XS1190863701,NEW YORK,0900045c831bbf1d
851,XS1293840770,HONG KONG|SYDNEY,0900045c83b0ff89
852,XS1051363239,LONDON|TOKYO,0900045c83ae1a1b
853,XS1313802917,LONDON|NEW YORK|TOKYO,0900045c83b5280a
854,XS1281353836,LONDON|NEW YORK|TOKYO,0900045c8395a8df
855,XS1173869535,NEW YORK,0900045c82cd0ca6
856,XS1190850716,ZURICH,0900045c8369a875
857,XS1202260458,NEW YORK,0900045c82eb98ba
858,XS1332026415,LONDON|TOKYO,0900045c83acaf57
859,XS1326547350,TARGET HOLIDAYS,0900045c83b08531
860,XS1293824816,HONG KONG,0900045c83b6cd66
861,XS1301467756,SINGAPORE,0900045c83a97e35
862,XS1061486434,ZURICH,0900045c82d7ac42
863,XS1293112071,TARGET HOLIDAYS,0900045c83b2ee3f
864,XS1293836406,HONG KONG|SYDNEY,0900045c83b0ff9c
865,XS1326551543,HONG KONG,0900045c83adc537
866,XS1183618146,LONDON|NEW YORK|TOKYO,0900045c83054faf
867,XS1313807395,TOKYO,0900045c83b986ad
868,XS1324900312,HONG KONG,0900045c83a16775
869,XS1326546899,NEW YORK,0900045c83b08539
870,XS1281350063,SINGAPORE,0900045c83a08a1c
871,XS1267248372,LONDON|TOKYO,0900045c83aaf3a8
872,XS1313801356,LONDON|TOKYO,0900045c83b3644a
873,XS1346261271,LONDON|NEW YORK,0900045c83baab39
874,XS1339632868,SINGAPORE,0900045c83bf4ac7
875,XS1339422385,LONDON|NEW YORK,0900045c83b1e826
876,XS1170189465,NEW YORK,0900045c82cb3c0b
877,XS1326561930,NEW YORK,0900045c83b9b9b3
878,XS1330445823,NEW YORK,0900045c83a93585
879,XS1190867280,NEW YORK,0900045c833a7155
880,XS1144625867,LONDON|NEW YORK|TORONTO,0900045c83afca94
881,XS1326559876,TARGET HOLIDAYS,0900045c83a8020b
882,XS1312169474,NEW YORK,0900045c83a02a60
883,XS1336578601,LONDON|TOKYO,0900045c83b665e7
884,XS1326569677,OSLO,0900045c83b2c0e3
885,XS1056823872,ISTANBUL|LONDON|NEW YORK|TOKYO,0900045c8250a452
886,XS1281073988,LONDON|NEW YORK,0900045c83c4301f
887,XS1331177177,NEW YORK,0900045c83aa1eb0
888,XS1200350020,NEW YORK,0900045c82e585c8
889,XS1336840779,NEW YORK,0900045c83c121d0
890,XS1313397801,SYDNEY|TOKYO,0900045c83c578f1
891,XS1251582935,SINGAPORE,0900045c83b19b6e
892,XS1208658036,AUCKLAND|LONDON|NEW YORK|WELLINGTON,0900045c82f087c3
893,XS1340841623,TOKYO,0900045c83ba8d33
894,XS1332103008,HONG KONG,0900045c83ac00e1
895,XS0925887183,NEW YORK,0900045c81a568f7
896,XS1190865581,NEW YORK,0900045c831cddc8
897,XS1149445212,NEW YORK,0900045c82be8600
898,XS1337874884,TOKYO,0900045c83b41aee
899,XS1293819493,HONG KONG,0900045c83b5d2af
900,XS1275964333,LONDON|NEW YORK|SAO-PAULO|TOKYO,0900045c8387503b
901,XS1173868990,NEW YORK,0900045c82cd0a4f
902,XS1281352358,NEW YORK,0900045c83b4cc7b
903,XS1293813884,HONG KONG,0900045c83b6faca
904,XS1254347385,TARGET HOLIDAYS,0900045c83b01616
905,XS1293819220,HONG KONG,0900045c83b5d2a2
906,XS1336580847,LONDON|TOKYO,0900045c83b665e9
907,XS1281400934,HONG KONG,0900045c83b19b70
908,XS1301478282,LONDON|TOKYO,0900045c839f9adf
909,XS1324184974,HONG KONG|LONDON|TOKYO,0900045c83a0ad75
910,XS1051376306,LONDON|TOKYO,0900045c83cc3956
911,XS1267271861,LONDON|SYDNEY|TOKYO,0900045c83be73eb
912,XS1301489057,HONG KONG,0900045c83b19b6b
913,XS1336837635,TARGET HOLIDAYS,0900045c83b49563
914,XS1289632439,TOKYO,0900045c83c30eb7
915,XS1332504767,LONDON|TOKYO,0900045c83adaa4f
916,XS1293839764,HONG KONG,0900045c83b0ffa3
917,XS1339030386,TARGET HOLIDAYS,0900045c83b668cf
918,XS1243939060,LONDON|NEW YORK|SAO-PAULO|TOKYO,0900045c8337a872
919,XS1326568869,NEW YORK,0900045c83bbe98f
920,XS1267307301,TARGET HOLIDAYS,0900045c83c7af99
921,XS1336946683,LONDON|NEW YORK|TOKYO,0900045c83ba0437
922,XS1190845807,NEW YORK,0900045c836e54ce
923,XS1326558639,TARGET HOLIDAYS,0900045c83a8f451
924,XS1267238811,LONDON|TOKYO,0900045c83aaf3a5
925,XS1251907314,LONDON|NEW YORK|SINGAPORE,0900045c833edfd8
926,XS1267248455,NEW YORK,0900045c83ac7ac7
927,XS1051340450,LONDON|TOKYO,0900045c83a59d68
928,XS1340215943,ZURICH,0900045c83b2db41
929,XS1293821804,HONG KONG,0900045c83b5d2a6
930,XS1293097090,PRAGUE,0900045c83a8f3cb
931,XS1308337309,LONDON|NEW YORK|TOKYO,0900045c83884f04
932,XS1281393469,NEW YORK,0900045c83b4cc50
933,XS1312159913,NEW YORK,0900045c83afa686
934,XS1051382965,LONDON|NEW YORK,0900045c83c43b64
935,XS1313397470,LONDON|TOKYO,0900045c83bf2f46
936,XS1194478878,TARGET HOLIDAYS,0900045c8312e1b7
937,XS1336840423,TARGET HOLIDAYS,0900045c83b087af
938,XS1338873778,LONDON|TOKYO,0900045c83b9fc0a
939,XS1326546113,HONG KONG,0900045c83b1f7ab
940,XS1313800036,LONDON|TOKYO,0900045c83ac8dfe
941,XS1323890126,LONDON|TOKYO,0900045c83a3516d
942,XS1206471721,NEW YORK,0900045c82f135cc
943,XS1051334214,LONDON|TOKYO,0900045c83a37557
944,XS1293809007,HONG KONG,0900045c83b6fac3
945,XS1252901910,HONG KONG,0900045c833a7fa8
946,XS0751776310,TARGET HOLIDAYS,0900045c8311a79c
947,XS1312175364,NEW YORK,0900045c83afa685
948,XS1229473787,LONDON|NEW YORK,0900045c833375bf
949,XS1301462013,NEW YORK,0900045c83b19b68
950,XS1245190472,LONDON|NEW YORK,0900045c835eabf4
951,XS1051377882,NEW YORK,0900045c83c25236
952,XS1205567115,NEW YORK,0900045c82ef7d99
953,XS1190864345,NEW YORK,0900045c8318c529
954,XS1189245845,NEW YORK,0900045c82d837e4
955,XS1293813025,BEIJING|HONG KONG,0900045c83b6fad3
956,XS1266626701,TOKYO,0900045c83aa0404
957,XS1265844743,NEW YORK,0900045c83ab1dc1
958,XS1190879376,PRAGUE,0900045c82e62aae
959,XS1267272083,LONDON|TOKYO,0900045c83bf5709
960,XS1339034883,TARGET HOLIDAYS,0900045c83b08a5d
961,XS1222904416,LONDON|TOKYO,0900045c83a0ffda
962,XS1293125057,NEW YORK,0900045c83b30ba7
963,XS1190855434,NEW YORK,0900045c833eb63b
964,XS1254269563,HONG KONG,0900045c83a1b2c0
965,XS1051368626,HONG KONG|LONDON,0900045c83c83ea3
966,XS1293815319,HONG KONG,0900045c83b6cd64
967,XS1265885340,TARGET HOLIDAYS,0900045c8389f859
968,XS1317877402,LONDON|NEW YORK|SYDNEY|TOKYO,0900045c8397943d
969,XS1293829021,HONG KONG,0900045c83b6cd58
970,XS1051371331,HONG KONG,0900045c83b5928b
971,XS1190883303,NEW YORK,0900045c8306253b
972,XS1181536423,NEW YORK,0900045c82d2f6e5
973,XS0877216399,NEW YORK,0900045c8155043f
974,XS1223865541,LONDON|NEW YORK|SAO-PAULO|TOKYO,0900045c83125f1b
975,XS1245756991,LONDON|NEW YORK|SAO-PAULO|TOKYO,0900045c833aa82a
976,XS1268516348,LONDON|NEW YORK|SINGAPORE,0900045c839ee91a
977,XS1267301445,HONG KONG,0900045c83c5ae0a
978,XS1340045845,LONDON|TOKYO,0900045c83bdda4f
979,XS1340882734,TOKYO,0900045c83bd8500
980,XS1293819576,HONG KONG,0900045c83b6cd70
981,XS1190857216,NEW YORK,0900045c83365ef3
982,XS1222905736,LONDON|NEW YORK|TOKYO,0900045c83a1004d
983,XS1293818925,HONG KONG,0900045c83b87cc9
984,XS1190850120,NEW YORK,0900045c8357e602
985,XS1345164377,TOKYO,0900045c83c10422
986,XS1326547434,HONG KONG,0900045c83b08532
987,XS1113624750,LONDON,0900045c829b9d72
988,XS1190870821,ZURICH,0900045c8303f310
989,XS1254286815,SINGAPORE,0900045c83ab4b99
990,XS1233653309,NEW YORK,0900045c8318d6e1
991,XS1266600813,ISTANBUL|LONDON|NEW YORK|TARGET HOLIDAYS|TOKYO,0900045c83ac396a
992,XS1051371687,LONDON|TOKYO,0900045c83beb652
993,XS1267290739,NEW YORK,0900045c83c24157
994,XS1313808443,LONDON|TOKYO,0900045c83bf2f82
995,XS1342870125,LONDON|NEW YORK,0900045c83bf4ac3
996,XS1113634809,LONDON|TARGET HOLIDAYS,0900045c83aad1e1
997,XS1331665726,NEW YORK,0900045c83ab0d55
998,XS1293110026,TARGET HOLIDAYS,0900045c83b0853b
999,XS1190882917,NEW YORK,0900045c8306254a
1000,XS1293138548,NEW YORK,0900045c83bf288c
1001,XS1326562078,TARGET HOLIDAYS,0900045c83ab08ba
1002,XS1293809262,HONG KONG,0900045c83b61568
1003,XS1254287979,HONG KONG,0900045c83ab4b95
1004,XS1332097192,LONDON,0900045c83ac00e9
1005,XS1267248703,LONDON|TOKYO,0900045c83aaf3a7
1006,XS1173868560,NEW YORK,0900045c82cd0a3f
1007,XS1326569594,NEW YORK,0900045c83b2f013
1008,XS1191750386,NEW YORK,0900045c82dc7bed
1009,XS1293098650,TARGET HOLIDAYS,0900045c83aa09a3
1010,XS1326565501,NEW YORK,0900045c83b700d1
1011,XS1245607053,LONDON|NEW YORK,0900045c836c396c
1012,XS1324093829,NEW YORK,0900045c83a07268
1013,XS1313806587,TOKYO,0900045c83b52784
1014,XS1293114879,NEW YORK,0900045c83b1d19d
1015,XS1190867447,NEW YORK,0900045c830e2c02
1016,XS1190864691,NEW YORK,0900045c8313083a
1017,XS1180278258,NEW YORK,0900045c82d20317
1018,XS1324891735,NEW YORK|TOKYO,0900045c83a0ad52
1019,XS1338809178,TOKYO,0900045c83b349bb
1020,XS1186222193,LONDON|NEW YORK|SAO-PAULO|TOKYO,0900045c82dda569
1021,XS1336046187,TOKYO,0900045c83b52593
1022,XS1301493836,HONG KONG,0900045c83a2caf4
1023,XS1254325142,HONG KONG,0900045c83b25ee3
1024,XS1289289107,NEW YORK,0900045c83af37fe
1025,XS1051370879,LONDON|NEW YORK,0900045c83b67822
1026,XS1051374434,HONG KONG|LONDON|TARGET HOLIDAYS,0900045c83bf184d
1027,XS1182607082,LONDON|NEW YORK|SAO-PAULO|TOKYO,0900045c8307034b
1028,XS1289279215,HONG KONG,0900045c83b015fc
1029,XS1293836745,HONG KONG,0900045c83b03eed
1030,XS1293111008,NEW YORK,0900045c83ab8806
1031,XS1222903525,LONDON|NEW YORK|TOKYO,0900045c83a0ffdb
1032,XS1336046344,NEW YORK|TOKYO,0900045c83acaf58
1033,XS1217862223,LONDON|NEW YORK,0900045c8326e45d
1034,XS1336445710,TOKYO,0900045c83b04981
1035,XS0774414683,NEW YORK,0900045c81137ab3
1036,XS1325624077,LONDON|NEW YORK,0900045c83a0ec16
1037,XS1313808369,LONDON|TOKYO,0900045c83bf2fd4
1038,XS1313399336,LONDON|TOKYO,0900045c83c5785d
1039,XS1190879020,TARGET HOLIDAYS,0900045c82ec2887
1040,XS1267237920,LONDON|NEW YORK|SAO-PAULO|TOKYO,0900045c83a62df4
1041,XS1307673548,HONG KONG,0900045c83c7e01f
1042,XS1293825540,HONG KONG,0900045c83b6cd62
1043,XS1293840424,HONG KONG,0900045c83b03eeb
1044,XS1281354305,SINGAPORE,0900045c83b5d2b2
1045,XS1326565410,NEW YORK,0900045c83b9b9b0
1046,XS1190861838,ZURICH,0900045c834c6a30
1047,XS1301503147,LONDON|TOKYO,0900045c839738e1
1048,XS1340047031,TOKYO,0900045c83bb0e09
1049,XS1266595120,LONDON|TOKYO,0900045c83ac24fb
1050,XS1331191327,NEW YORK|TOKYO,0900045c83a8f1fe
1051,XS1190862562,NEW YORK,0900045c831ec330
1052,XS1281353752,NEW YORK,0900045c83b19b6a
1053,XS1323889383,AUCKLAND|LONDON|TOKYO|WELLINGTON,0900045c83a61e04
1054,XS1254309021,HONG KONG,0900045c83b32dee
1055,XS1293106263,TARGET HOLIDAYS,0900045c83ae8378
1056,XS1338874073,LONDON|TOKYO,0900045c83b7cf7e
1057,XS1326551204,HONG KONG,0900045c83a94195
1058,XS1189290635,LONDON|NEW YORK|SAO-PAULO|TARGET HOLIDAYS|TOKYO,0900045c82dca7a6
1059,XS1326551030,HONG KONG,0900045c83add16b
1060,XS1326544258,TARGET HOLIDAYS,0900045c83b2db5d
1061,XS1293140015,TARGET HOLIDAYS,0900045c83c217f8
1062,XS1330535144,LONDON|TOKYO,0900045c83aab71f
1063,XS1190878725,NEW YORK,0900045c82e686f5
1064,XS1266607586,SYDNEY|TOKYO,0900045c83a93ea5
1065,XS1176700158,LONDON|NEW YORK|TOKYO,0900045c82d61d69
1066,XS1051363585,LONDON|TOKYO,0900045c83acf3e3
1067,XS1326048789,TOKYO,0900045c83a40012
1068,XS1176688353,NEW YORK,0900045c82d08ef6
1069,XS1326545222,HONG KONG,0900045c83b1f793
1070,XS1301487192,LONDON|TOKYO,0900045c839f9b65
1071,XS1051372222,NEW YORK,0900045c83b5928a
1072,XS1110510978,HONG KONG|NEW YORK,0900045c8281bf07
1073,XS1336975351,HONG KONG|NEW YORK,0900045c83b1deed
1074,XS1313800978,LONDON|TOKYO,0900045c83b42b06
1075,XS1293138209,NEW YORK,0900045c83c49f4f
1076,XS1331666617,TARGET HOLIDAYS,0900045c83ab0d54
1077,XS1254310896,HONG KONG,0900045c83b015fa
1078,XS1266622387,NEW YORK|TOKYO,0900045c83aa03e1
1079,XS1313392919,TOKYO,0900045c83c204e4
1080,XS1051369434,LONDON|TOKYO,0900045c83bafcac
1081,XS1313806827,LONDON|NEW YORK|SAO-PAULO|TARGET HOLIDAYS|TOKYO,0900045c83b630dd
1082,XS1230140813,LONDON|NEW YORK,0900045c83486d6a
1083,XS1313797141,LONDON|TOKYO,0900045c83ac8de0
1084,XS1051364120,LONDON|TOKYO,0900045c83b23ca1
1085,XS1326559017,ZURICH,0900045c83a8ec2a
1086,XS0628152059,TARGET HOLIDAYS,0900045c80c920a2
1087,XS1324032959,LONDON|NEW YORK|SAO-PAULO|TOKYO,0900045c83a29794
1088,XS1326561773,NEW YORK,0900045c83bbe98e
1089,XS1340066338,LONDON|TOKYO,0900045c83bb0de9
1090,XS1237342545,LONDON|NEW YORK|TOKYO,0900045c8324d451
1091,XS1344956856,LONDON|TARGET HOLIDAYS|TOKYO,0900045c83bf2d73
1092,XS1249382877,ISTANBUL|LONDON|NEW YORK,0900045c83368b8c
1093,XS1051346499,LONDON|TOKYO,0900045c83af7977
1094,XS1266617890,LONDON|NEW YORK|TARGET HOLIDAYS|TOKYO,0900045c83a93ce9
1095,XS1166177813,NEW YORK,0900045c82cc38da
1096,XS1293808967,HONG KONG,0900045c83b6fad1
1097,XS1244868151,LONDON|NEW YORK|SAO-PAULO|TOKYO,0900045c8339c901
1098,XS1051364559,LONDON|TARGET HOLIDAYS,0900045c83a75cf2
1099,XS1340043048,TOKYO,0900045c83b610cb
1100,XS1293814775,HONG KONG,0900045c83b6cd6d
1101,XS1326552434,SINGAPORE,0900045c83ac0c95
1102,XS1249403202,LONDON|NEW YORK|TARGET HOLIDAYS|TOKYO,0900045c833aa844
1103,XS1244891641,LONDON|TARGET HOLIDAYS,0900045c832f61ab
1104,XS1267261714,NEW YORK|TARGET HOLIDAYS,0900045c83b21306
1105,XS1314231959,NEW YORK,0900045c838f8524
1106,XS1051341425,LONDON|TOKYO,0900045c83a94448
1107,XS1244891211,LONDON|TARGET HOLIDAYS,0900045c832f61aa
1108,XS1341299300,LONDON|TOKYO,0900045c83c43c1d
1109,XS1293818842,HONG KONG,0900045c83b6cd6c
1110,XS1051374194,LONDON|TOKYO,0900045c83c43b5c
1111,XS1051340708,LONDON|TOKYO,0900045c83a59d6e
1112,XS1289562800,NEW YORK,0900045c839f019e
1113,XS1326561187,NEW YORK,0900045c83bbe49c
1114,XS1289328525,SINGAPORE,0900045c83b01600
1115,XS1051373899,LONDON|TOKYO,0900045c83c2523b
1116,XS1315186509,LONDON|NEW YORK,0900045c83adc687
1117,XS1293109440,TARGET HOLIDAYS,0900045c83b05660
1118,XS1061484900,NEW YORK,0900045c82dace11
1119,XS1336575680,LONDON|TOKYO,0900045c83b665e8
1120,XS1301503493,NEW YORK,0900045c839cee0d
1121,XS1340018289,TARGET HOLIDAYS,0900045c83b73c5b
1122,XS0475698931,LONDON|TARGET HOLIDAYS,0900045c8321602e
1123,XS1338809921,TOKYO,0900045c83b89e8b
1124,XS1301453459,HONG KONG,0900045c83b946d4
1125,XS1301490907,LONDON|NEW YORK|TOKYO,0900045c839ceeed
1126,XS1326563399,HONG KONG,0900045c83aabf85
1127,XS1182596616,LONDON|TARGET HOLIDAYS,0900045c82ec88dd
1128,XS1221966317,LONDON|TARGET HOLIDAYS,0900045c83024c06
1129,XS1340008645,SYDNEY,0900045c83b82585
1130,XS1224676517,BRASILIA|LONDON|NEW YORK|TOKYO,0900045c83133b55
1131,XS1338164616,LONDON|TOKYO,0900045c83b724f7
1132,XS1289320548,TARGET HOLIDAYS,0900045c83b016f3
1133,XS1273008281,LONDON|NEW YORK|SAO-PAULO|TOKYO,0900045c8358265c
1134,XS1267279336,SINGAPORE,0900045c83be51f0
1135,XS1051379821,LONDON|TOKYO,0900045c83c1cede
1136,XS1338809251,TOKYO,0900045c83b349b8
1137,XS0983418970,LONDON|NEW YORK|TOKYO,0900045c837f56bc
1138,XS1229487902,LONDON|NEW YORK,0900045c83365fab
1139,XS1190865409,NEW YORK,0900045c831cddc1
1140,XS1223278505,BRASILIA|LONDON|NEW YORK|TOKYO,0900045c83085971
1141,XS1354473230,LONDON|NEW YORK,0900045c83c6045d
1142,XS1293826514,HONG KONG,0900045c83b6cd63
1143,XS1339591577,ZURICH,0900045c83c3fb7a
1144,XS1267297072,LONDON|TOKYO,0900045c83c60151
1145,XS1338473322,NEW YORK,0900045c83b2db46
1146,XS1339422468,LONDON|NEW YORK,0900045c83b90c2f
1147,XS1341298831,LONDON|TOKYO,0900045c83c16adb
1148,XS1170189549,NEW YORK,0900045c82cb3c0d
1149,XS1245190985,LONDON|NEW YORK,0900045c835d3a15
1150,XS1167540027,NEW YORK,0900045c82eb534a
1151,XS1267282637,LONDON|NEW YORK|TOKYO,0900045c83bf5711
1152,XS1190855277,ZURICH,0900045c833cc8f5
1153,XS1254322479,HONG KONG,0900045c83b32e03
1154,XS1096747883,HONG KONG|NEW YORK,0900045c82749049
1155,XS1326566905,HONG KONG,0900045c83a4382f
1156,XS1098900902,NEW YORK,0900045c8271576d
1157,XS1181539286,NEW YORK,0900045c82d2f6e6
1158,XS1254265066,HONG KONG,0900045c83a96648
1159,XS1251582695,SINGAPORE,0900045c83b19b6d
1160,XS0983526947,LONDON|NEW YORK|TOKYO,0900045c83820006
1161,XS1349342987,SINGAPORE,0900045c83c60480
1162,XS1051339106,LONDON|TOKYO,0900045c83a3755d
1163,XS1340216164,NEW YORK,0900045c83b2db3f
1164,XS1301495708,NEW YORK,0900045c83ab58fd
1165,XS1313799949,LONDON|TOKYO,0900045c83b63053
1166,XS1339589837,HONG KONG,0900045c83c2ece7
1167,XS1167045100,LONDON|SYDNEY|TOKYO,0900045c82d9e5ac
1168,XS1324891065,NEW YORK,0900045c83a27d79
1169,XS1212135088,NEW YORK|TARGET HOLIDAYS,0900045c83439fa1
1170,XS1289331826,HONG KONG,0900045c83b25f30
1171,XS1281376027,NEW YORK,0900045c83a5d28a
1172,XS1313396662,LONDON|NEW YORK|TOKYO,0900045c83c2029d
1173,XS1336597577,ZURICH,0900045c83bf47e5
1174,XS1324931036,LONDON|TOKYO,0900045c83a61e00
1175,XS1293836232,HONG KONG,0900045c83b0ff86
1176,XS1326560536,HONG KONG,0900045c83a65762
1177,XS1199690345,LONDON,0900045c83070368
1178,XS1183240487,LONDON|TARGET HOLIDAYS,0900045c82fccfd4
1179,XS1340833521,LONDON|TOKYO,0900045c83b89e81
1180,XS1293833056,HONG KONG,0900045c83b26b3f
1181,XS1078109946,NEW YORK,0900045c8282b092
1182,XS1310504615,NEW YORK,0900045c8389f375
1183,XS1266253084,LONDON|NEW YORK,0900045c838dc9cf
1184,XS1199927614,LONDON|NEW YORK|SAO-PAULO|TOKYO,0900045c83003bb6
1185,XS1339629567,SINGAPORE,0900045c83c3fb7b
1186,XS1229484396,LONDON|NEW YORK,0900045c8334529d
1187,XS1293108806,NEW YORK,0900045c83ac9cf0
1188,XS1293110612,ZURICH,0900045c83b05686
1189,XS1274143350,LONDON|NEW YORK,0900045c835ab195
1190,XS1293139199,TARGET HOLIDAYS,0900045c83c23ed4
1191,XS1301496003,HONG KONG,0900045c83a5d7d1
1192,XS1210455322,HONG KONG|NEW YORK,0900045c82fa8672
1193,XS1340040531,LONDON|TOKYO,0900045c83b610ca
1194,XS1275324199,LONDON|NEW YORK|SAO-PAULO|TOKYO,0900045c83c1cdd0
1195,XS1341299052,LONDON|TOKYO,0900045c83beb5d3
1196,XS1200981105,LONDON|NEW YORK|SAO-PAULO|TOKYO,0900045c82f08561
1197,XS1224586955,NEW YORK,0900045c830c24e7
1198,XS1349021326,NEW YORK,0900045c83c4fcbd
